{
  "project_info": {
    "project_number": "391503489285",
    "firebase_url": "https://lifecycle-med.firebaseio.com",
    "project_id": "lifecycle-med",
    "storage_bucket": "lifecycle-med.appspot.com"
  },
  "client": [
    {
      "client_info": {
        "mobilesdk_app_id": "1:391503489285:android:d250279b68294f2bb4ef6c",
        "android_client_info": {
          "package_name": "com.a5build.herickmelo.lifecyclemed"
        }
      },
      "oauth_client": [
        {
          "client_id": "391503489285-h3aqdnfrejulss4bc73oiehj4u5qglvn.apps.googleusercontent.com",
          "client_type": 1,
          "android_info": {
            "package_name": "com.a5build.herickmelo.lifecyclemed",
            "certificate_hash": "099e642662c626733d84d52c2919e7e9002f2f9b"
          }
        },
        {
          "client_id": "391503489285-kg878d55kov2ijpg1d10srqq1tcsohg0.apps.googleusercontent.com",
          "client_type": 3
        }
      ],
      "api_key": [
        {
          "current_key": "AIzaSyB7aNLFtGU4OvI4QhNAQT3xSAbSg7L6T4o"
        }
      ],
      "services": {
        "appinvite_service": {
          "other_platform_oauth_client": [
            {
              "client_id": "391503489285-kg878d55kov2ijpg1d10srqq1tcsohg0.apps.googleusercontent.com",
              "client_type": 3
            }
          ]
        }
      }
    }
  ],
  "configuration_version": "1"
}